epoch,time,train/box_loss,train/cls_loss,train/dfl_loss,metrics/precision(B),metrics/recall(B),metrics/mAP50(B),metrics/mAP50-95(B),val/box_loss,val/cls_loss,val/dfl_loss,lr/pg0,lr/pg1,lr/pg2
1,425.464,1.10296,1.95419,1.13379,1,0.43049,0.81818,0.61413,0.93479,3.11722,1.00258,0.000655556,0.000655556,0.000655556
2,1046.68,1.0492,1.31043,1.13156,0.7554,0.38156,0.59734,0.42632,1.08904,2.53148,1.11565,0.00129604,0.00129604,0.00129604
3,1601.11,1.05121,1.10366,1.13497,0.91911,0.91506,0.94397,0.69301,0.95668,1.23557,1.08351,0.00191013,0.00191013,0.00191013
4,2331.19,1.05307,0.92632,1.13072,0.93019,0.89189,0.95304,0.67956,0.94628,1.16963,1.08946,0.0018812,0.0018812,0.0018812
5,2960.2,0.97349,0.74725,1.09445,0.96304,0.94595,0.98338,0.64883,1.23792,0.98892,1.21875,0.0018416,0.0018416,0.0018416
6,3269.97,0.95227,0.6841,1.09835,0.96868,0.96525,0.98904,0.74349,0.98232,0.70724,1.06639,0.001802,0.001802,0.001802
7,3527.54,0.91911,0.63694,1.07474,0.98062,0.97665,0.99011,0.6788,1.1998,0.68806,1.18514,0.0017624,0.0017624,0.0017624
8,3786.51,0.93649,0.63204,1.08252,0.9303,0.95367,0.98499,0.72514,1.04557,0.70472,1.09109,0.0017228,0.0017228,0.0017228
9,4036.97,0.96015,0.62437,1.08375,0.96147,0.96346,0.99214,0.76731,0.87871,0.6212,1.01795,0.0016832,0.0016832,0.0016832
10,4279.88,0.90876,0.55586,1.06573,0.99113,1,0.99492,0.78577,0.85682,0.50214,0.99077,0.0016436,0.0016436,0.0016436
11,4533.9,0.86405,0.54873,1.0465,0.98098,0.99588,0.99454,0.76879,0.81684,0.47627,0.97753,0.001604,0.001604,0.001604
12,4783.86,0.86694,0.52651,1.03944,0.99874,0.98842,0.99481,0.77642,0.82301,0.49621,0.99197,0.0015644,0.0015644,0.0015644
13,5038.02,0.83745,0.50692,1.02634,0.99607,0.97811,0.99473,0.81186,0.76645,0.47156,0.96806,0.0015248,0.0015248,0.0015248
14,5295.72,0.83114,0.50716,1.04121,0.99955,0.99614,0.995,0.82509,0.69815,0.41831,0.93876,0.0014852,0.0014852,0.0014852
15,5538.1,0.82061,0.48044,1.02879,0.99966,0.98456,0.99489,0.78759,0.8083,0.45349,0.97312,0.0014456,0.0014456,0.0014456
16,5783.6,0.79175,0.47016,1.0128,0.99596,0.99614,0.995,0.80545,0.76228,0.43462,0.95127,0.001406,0.001406,0.001406
17,6031.05,0.79949,0.46609,1.02224,0.99943,1,0.995,0.80007,0.77463,0.41469,0.95095,0.0013664,0.0013664,0.0013664
18,6278.96,0.80424,0.47245,1.01371,0.99113,1,0.99469,0.81391,0.75192,0.41365,0.94458,0.0013268,0.0013268,0.0013268
19,6515.39,0.78361,0.46435,1.00435,1,0.99448,0.995,0.81592,0.73938,0.39552,0.93215,0.0012872,0.0012872,0.0012872
20,6745.76,0.75769,0.44389,1.00506,0.99947,1,0.995,0.81074,0.73904,0.38942,0.9455,0.0012476,0.0012476,0.0012476
21,6979.13,0.77482,0.44244,1.00271,0.9919,1,0.99484,0.82526,0.68858,0.38131,0.92477,0.001208,0.001208,0.001208
22,7207.9,0.74469,0.43761,0.99322,0.99996,1,0.995,0.83579,0.69782,0.36301,0.91513,0.0011684,0.0011684,0.0011684
23,7436.27,0.73419,0.42563,0.98104,1,0.99596,0.995,0.83304,0.66215,0.3612,0.90894,0.0011288,0.0011288,0.0011288
24,7667.75,0.71705,0.40288,0.97094,1,0.99503,0.995,0.83197,0.69265,0.36171,0.91391,0.0010892,0.0010892,0.0010892
25,7895.96,0.73298,0.41332,0.97638,0.99233,0.99959,0.99492,0.84076,0.63454,0.3537,0.89873,0.0010496,0.0010496,0.0010496
26,8125.91,0.73485,0.41357,0.98818,0.99975,1,0.995,0.83749,0.66919,0.35502,0.91502,0.00101,0.00101,0.00101
27,8353.94,0.6914,0.399,0.97697,1,0.99924,0.995,0.83135,0.66476,0.34954,0.9117,0.0009704,0.0009704,0.0009704
28,8588.34,0.68807,0.38345,0.94685,0.99938,1,0.995,0.83476,0.74154,0.37008,0.92498,0.0009308,0.0009308,0.0009308
29,8819.29,0.68257,0.39543,0.96396,0.99976,1,0.995,0.84148,0.65817,0.34083,0.90875,0.0008912,0.0008912,0.0008912
30,9047.57,0.70739,0.38707,0.97368,0.99929,1,0.995,0.83082,0.68932,0.34257,0.91523,0.0008516,0.0008516,0.0008516
31,9279.18,0.67171,0.38577,0.96021,0.9994,1,0.995,0.85388,0.61824,0.32632,0.88776,0.000812,0.000812,0.000812
32,9510.52,0.68266,0.37753,0.95605,0.99944,1,0.995,0.82566,0.70239,0.35314,0.91914,0.0007724,0.0007724,0.0007724
33,9741.56,0.66839,0.37088,0.95541,0.98757,1,0.99496,0.84402,0.62979,0.32358,0.89713,0.0007328,0.0007328,0.0007328
34,9971.4,0.67468,0.37497,0.96203,0.99583,1,0.99462,0.85993,0.60903,0.30252,0.87803,0.0006932,0.0006932,0.0006932
35,10201.6,0.64823,0.35834,0.94912,0.99973,1,0.995,0.84884,0.62466,0.30338,0.8893,0.0006536,0.0006536,0.0006536
36,10431.5,0.65466,0.36,0.94862,0.99971,1,0.995,0.85828,0.60689,0.29729,0.88012,0.000614,0.000614,0.000614
37,10662.1,0.64913,0.35534,0.95775,0.99941,1,0.995,0.81944,0.74555,0.34,0.92562,0.0005744,0.0005744,0.0005744
38,10892.4,0.63117,0.34521,0.94542,1,0.99904,0.995,0.85957,0.58118,0.28674,0.87573,0.0005348,0.0005348,0.0005348
39,11123,0.64083,0.34379,0.95239,0.99972,1,0.995,0.86467,0.58321,0.29318,0.87437,0.0004952,0.0004952,0.0004952
40,11352.5,0.61801,0.33536,0.94136,0.99976,1,0.995,0.86781,0.57218,0.28315,0.86956,0.0004556,0.0004556,0.0004556
41,11575.9,0.57416,0.28697,0.8888,0.99972,1,0.995,0.86572,0.57952,0.28072,0.87351,0.000416,0.000416,0.000416
42,11802.7,0.57292,0.28726,0.8964,0.99972,1,0.995,0.85468,0.61862,0.29076,0.87738,0.0003764,0.0003764,0.0003764
43,12025.6,0.56647,0.28407,0.89292,0.99973,1,0.995,0.86348,0.57289,0.27893,0.87429,0.0003368,0.0003368,0.0003368
44,12257.5,0.54919,0.27364,0.88314,0.9997,1,0.995,0.86358,0.5846,0.28058,0.87252,0.0002972,0.0002972,0.0002972
45,12482,0.5625,0.27126,0.88538,0.99971,1,0.995,0.87327,0.56838,0.26956,0.86855,0.0002576,0.0002576,0.0002576
46,12707.1,0.54738,0.2637,0.87617,0.99972,1,0.995,0.86367,0.57422,0.26794,0.86595,0.000218,0.000218,0.000218
47,12935.7,0.52679,0.25826,0.87219,0.99974,1,0.995,0.8753,0.55368,0.25862,0.861,0.0001784,0.0001784,0.0001784
48,13159.2,0.51785,0.25481,0.86664,0.99974,1,0.995,0.87136,0.54719,0.2636,0.85835,0.0001388,0.0001388,0.0001388
49,13383.7,0.50436,0.24859,0.86297,0.99973,1,0.995,0.87451,0.52758,0.25596,0.85542,9.92e-05,9.92e-05,9.92e-05
50,13608.4,0.49296,0.24192,0.8595,0.99973,1,0.995,0.88038,0.53122,0.2511,0.85407,5.96e-05,5.96e-05,5.96e-05
